requestedBy,timeRequested
Initialiser,1613962281.52905
Initialiser,1613963007.13404
Initialiser,1614385244.93457
Initialiser,1614401884.56505
Initialiser,1614403166.19951
Initialiser,1614403315.79481
Initialiser,1614403420.96493
Initialiser,1614403661.60880
Initialiser,1614436238.86401
Initialiser,1614436458.85352
Initialiser,1614438442.02900
Initialiser,1614444698.48847
Initialiser,1614451175.03116
Initialiser,1614451240.51840
Initialiser,1614464305.99164
Initialiser,1614471109.70362
Initialiser,1614640144.42819
