requestedBy,timeRequested
371042880078348291,1612991284
119155392776372224,1614287284
809504510162501644,1612921431
89475384986312704,1613958231
Initialiser,1614478774.58819
121671514410975233,1615064338.4219313
121671514410975233,1615085490.25500
121671514410975233,1615085674.16900
121671514410975233,1615088557.13200
121671514410975233,1615088677.89700
121671514410975233,1615088876.43500
121671514410975233,1615214914.70200
121671514410975233,1615252228.45000
121671514410975233,1615252654.54800
121671514410975233,1615253050.13200
89475384986312704,1615254342.91400
121671514410975233,1615297084.76100
121671514410975233,1615303853.87900
121671514410975233,1615303884.60700
121671514410975233,1615303921.98800
121671514410975233,1615303944.34500
121671514410975233,1615303958.02200
130401447052443649,1615324284.92600
121671514410975233,1615337324.77700
119155392776372224,1615496934.99600
89475384986312704,1615502321.81700
