requestedBy,timeRequested
Initialiser,1614478774.58819
130401447052443649,1614936786.49500
130401447052443649,1614940095.79400
130401447052443649,1614952856.38100
130401447052443649,1614957710.47200
130401447052443649,1614958925.62500
130401447052443649,1615064338.4219313
121671514410975233,1615064338.4219313
130401447052443649,1615064525.39000
130401447052443649,1615084145.58000
130401447052443649,1615084315.25500
130401447052443649,1615084372.76400
121671514410975233,1615085490.25500
121671514410975233,1615085674.16900
130401447052443649,1615085770.36900
130401447052443649,1615085861.49600
130401447052443649,1615085964.08200
130401447052443649,1615086021.56600
130401447052443649,1615086355.11300
130401447052443649,1615086385.78900
130401447052443649,1615086421.11600
130401447052443649,1615086510.99900
130401447052443649,1615086550.10000
130401447052443649,1615086635.85400
130401447052443649,1615086731.90400
130401447052443649,1615086775.82700
130401447052443649,1615086839.34400
130401447052443649,1615086894.20900
130401447052443649,1615086944.91200
130401447052443649,1615086963.37400
130401447052443649,1615088351.15400
121671514410975233,1615088557.13200
121671514410975233,1615088677.89700
130401447052443649,1615088846.41600
121671514410975233,1615088876.43500
130401447052443649,1615089056.09000
130401447052443649,1615089109.80000
130401447052443649,1615132154.83300
