requestedBy,timeRequested
Initialiser,1614478774.58819
130401447052443649,1614936786.49500
130401447052443649,1614940095.79400
130401447052443649,1614952856.38100
130401447052443649,1614957710.47200
130401447052443649,1614958925.62500
130401447052443649,1614979831.61900
121671514410975233,1614979960.62000
