requestedBy,timeRequested
Initialiser,1614478774.58819
130401447052443649,1614936786.49500
130401447052443649,1614940095.79400
130401447052443649,1614952856.38100
130401447052443649,1614957710.47200
130401447052443649,1614958925.62500
130401447052443649,1615064338.4219313
121671514410975233,1615064338.4219313
130401447052443649,1615064525.39000
130401447052443649,1615084145.58000
130401447052443649,1615084315.25500
130401447052443649,1615084372.76400
121671514410975233,1615085490.25500
121671514410975233,1615085674.16900
