requestedBy,timeRequested
Initialiser,1613962281.52905
Initialiser,1613963007.13404
Initialiser,1614385244.93457
Initialiser,1614401884.56505
Initialiser,1614403166.19951
Initialiser,1614403315.79481
Initialiser,1614403420.96493
Initialiser,1614403661.60880
