requestedBy,timeRequested
371042880078348291,1612991284
119155392776372224,1614287284
809504510162501644,1612921431
89475384986312704,1613958231
Initialiser,1614478774.58819
121671514410975233,1615064338.4219313
121671514410975233,1615085490.25500
121671514410975233,1615085674.16900
121671514410975233,1615088557.13200
121671514410975233,1615088677.89700
121671514410975233,1615088876.43500
121671514410975233,1615214914.70200
121671514410975233,1615252228.45000
121671514410975233,1615252654.54800
121671514410975233,1615253050.13200
89475384986312704,1615254342.91400
121671514410975233,1615297084.76100
121671514410975233,1615303853.87900
121671514410975233,1615303884.60700
121671514410975233,1615303921.98800
121671514410975233,1615303944.34500
121671514410975233,1615303958.02200
130401447052443649,1615324284.92600
121671514410975233,1615337324.77700
119155392776372224,1615496934.99600
89475384986312704,1615502321.81700
121671514410975233,1615514381.22400
121671514410975233,1615514626.90400
191412938492477440,1615503600.42600
191412938492477440,1615539652.70600
121671514410975233,1615552156.28600
121671514410975233,1615552493.62500
130401447052443649,1615583120.31600
191412938492477440,1615586819.75700
130401447052443649,1615587336.91900
121671514410975233,1615599258.33900
121671514410975233,1615599300.97700
121671514410975233,1615599357.82000
121671514410975233,1615599449.11600
121671514410975233,1615599980.48300
130401447052443649,1615600299.20100
121671514410975233,1615601476.89600
121671514410975233,1615601523.78000
130401447052443649,1615601743.04100
121671514410975233,1615602108.37500
121671514410975233,1615603222.22100
121671514410975233,1615603274.98800
321284717427294208,1615599393.10400
121671514410975233,1615644846.57500
121671514410975233,1615644877.98100
121671514410975233,1615644916.80100
146321803797725184,1615645052.54800
130401447052443649,1615655338.25700
